timestamp,symbol,action,price,quantity,sl,tp,trailing_stop,strategy,regime,cash_before,cash_after,position_before,position_after,notes
2025-08-29T21:42:55.270358+00:00,AAPL,enter_long,292.08,85,289.9135714285714,294.9685714285714,,SMAStrategy,normal,,,,,
2025-08-29T21:42:55.275771+00:00,MSFT,enter_long,330.39,75,327.4085714285714,334.8621428571428,,SMAStrategy,high_volatility,,,,,
2025-08-29T21:42:55.374104+00:00,AAPL,enter_long,292.24,85,290.1764285714286,294.99142857142857,,SMAStrategy,normal,,,,,
2025-08-29T21:42:55.382323+00:00,MSFT,enter_long,330.29,75,328.25107142857144,333.00857142857143,,SMAStrategy,normal,,,,,
2025-08-29T21:42:56.989195+00:00,MSFT,enter_short,330.36,75,332.24357142857144,327.84857142857146,,SMAStrategy,normal,,,,,
2025-08-29T21:42:57.086212+00:00,AAPL,enter_long,293.75,85,292.7442857142857,295.25857142857143,,SMAStrategy,low_volatility,,,,,
2025-08-29T21:42:57.091131+00:00,MSFT,enter_short,330.43,75,332.35214285714284,327.8671428571429,,SMAStrategy,normal,,,,,
2025-08-29T21:42:57.188692+00:00,AAPL,enter_long,294.23,84,293.36642857142857,295.52535714285716,,SMAStrategy,low_volatility,,,,,
2025-08-29T21:43:01.332944+00:00,AAPL,enter_short,294.74,84,295.8157142857143,293.12642857142856,,SMAStrategy,low_volatility,,,,,
2025-08-29T21:43:01.445588+00:00,AAPL,enter_short,294.92,84,295.99357142857144,293.3096428571429,,SMAStrategy,low_volatility,,,,,
2025-08-29T21:43:01.548671+00:00,AAPL,enter_short,295.13,84,296.81964285714287,292.87714285714287,,SMAStrategy,normal,,,,,
2025-08-29T21:43:01.634675+00:00,AAPL,enter_short,295.16,84,296.2142857142857,293.5785714285714,,SMAStrategy,low_volatility,,,,,
2025-08-29T21:43:02.141303+00:00,AAPL,enter_long,296.24,84,295.41785714285714,297.4732142857143,,SMAStrategy,low_volatility,,,,,
2025-08-29T21:43:02.241636+00:00,AAPL,enter_long,296.3,84,295.49857142857144,297.50214285714287,,SMAStrategy,low_volatility,,,,,
2025-08-29T21:43:02.342874+00:00,AAPL,enter_long,297.12,84,296.23071428571427,298.45392857142855,,SMAStrategy,low_volatility,,,,,
2025-08-29T21:43:02.444030+00:00,AAPL,enter_long,297.27,84,296.4214285714286,298.54285714285714,,SMAStrategy,low_volatility,,,,,
2025-08-29T21:43:05.900857+00:00,AAPL,enter_short,296.81,84,299.4242857142857,292.8885714285714,,SMAStrategy,high_volatility,,,,,
2025-08-29T21:43:05.921599+00:00,MSFT,enter_long,330.22,75,328.2925,332.79,,SMAStrategy,normal,,,,,
2025-08-29T21:43:05.981744+00:00,AAPL,enter_short,296.57,84,298.4321428571429,294.08714285714285,,SMAStrategy,normal,,,,,
2025-08-29T21:43:05.988147+00:00,MSFT,enter_long,330.34,75,328.50892857142856,332.78142857142853,,SMAStrategy,normal,,,,,
2025-08-29T21:43:06.082443+00:00,AAPL,enter_short,296.31,84,298.2107142857143,293.7757142857143,,SMAStrategy,normal,,,,,
2025-08-29T21:43:06.088771+00:00,MSFT,enter_long,330.67,75,328.7607142857143,333.2157142857143,,SMAStrategy,normal,,,,,
2025-08-29T21:43:06.183631+00:00,AAPL,enter_short,296.49,84,298.3521428571429,294.00714285714287,,SMAStrategy,normal,,,,,
2025-08-29T21:43:06.190344+00:00,MSFT,enter_long,330.68,75,328.79214285714284,333.19714285714286,,SMAStrategy,normal,,,,,
2025-08-29T21:43:10.772313+00:00,MSFT,enter_short,331.5,75,333.5389285714286,328.78142857142853,,SMAStrategy,normal,,,,,
2025-08-29T21:43:10.887440+00:00,MSFT,enter_short,331.31,75,333.2321428571429,328.7471428571428,,SMAStrategy,normal,,,,,
2025-08-29T21:43:10.947974+00:00,MSFT,enter_short,331.5,75,333.44142857142856,328.91142857142853,,SMAStrategy,normal,,,,,
2025-08-29T21:43:11.049772+00:00,MSFT,enter_short,331.45,75,333.2767857142857,329.0142857142857,,SMAStrategy,normal,,,,,
2025-08-29T21:43:13.379305+00:00,MSFT,enter_long,331.82,75,329.76928571428573,334.5542857142857,,SMAStrategy,normal,,,,,
2025-08-29T21:43:13.477592+00:00,MSFT,enter_long,331.33,75,328.5928571428571,335.43571428571425,,SMAStrategy,high_volatility,,,,,
2025-08-29T21:43:13.576948+00:00,MSFT,enter_long,332.26,75,329.16714285714284,336.8992857142857,,SMAStrategy,high_volatility,,,,,
2025-08-29T21:43:13.681648+00:00,MSFT,enter_long,331.89,75,328.68,336.705,,SMAStrategy,high_volatility,,,,,
2025-08-29T21:43:14.786991+00:00,MSFT,enter_short,330.62,75,332.6192857142857,327.95428571428573,,SMAStrategy,normal,,,,,
2025-08-29T21:43:14.883325+00:00,AAPL,enter_long,294.78,84,293.1535714285714,296.9485714285714,,SMAStrategy,normal,,,,,
2025-08-29T21:43:14.888339+00:00,MSFT,enter_short,330.52,75,332.5310714285714,327.8385714285714,,SMAStrategy,normal,,,,,
2025-08-29T21:43:14.985655+00:00,AAPL,enter_long,295.1,84,293.46500000000003,297.28000000000003,,SMAStrategy,normal,,,,,
2025-08-29T21:43:14.990484+00:00,MSFT,enter_short,330.46,75,332.4142857142857,327.8542857142857,,SMAStrategy,normal,,,,,
2025-08-29T21:43:15.086845+00:00,AAPL,enter_long,295.21,84,294.22214285714284,296.6917857142857,,SMAStrategy,low_volatility,,,,,
2025-08-29T21:43:15.093048+00:00,MSFT,enter_short,330.55,75,332.5375,327.90000000000003,,SMAStrategy,normal,,,,,
2025-08-29T21:43:15.204155+00:00,AAPL,enter_long,294.9,84,293.8735714285714,296.4396428571428,,SMAStrategy,low_volatility,,,,,
2025-08-29T21:43:18.731245+00:00,AAPL,enter_short,295.98,84,297.6514285714286,293.7514285714286,,SMAStrategy,normal,,,,,
2025-08-29T21:43:18.741315+00:00,MSFT,enter_long,331.4,75,328.25857142857143,336.1121428571428,,SMAStrategy,high_volatility,,,,,
2025-08-29T21:43:18.834302+00:00,AAPL,enter_short,295.94,84,296.91285714285715,294.48071428571427,,SMAStrategy,low_volatility,,,,,
2025-08-29T21:43:18.843588+00:00,MSFT,enter_long,331.11,75,327.99285714285713,335.7857142857143,,SMAStrategy,high_volatility,,,,,
2025-08-29T21:43:18.936621+00:00,AAPL,enter_short,296.3,84,297.8642857142857,294.2142857142857,,SMAStrategy,normal,,,,,
2025-08-29T21:43:18.945131+00:00,MSFT,enter_long,331.31,75,328.26428571428573,335.87857142857143,,SMAStrategy,high_volatility,,,,,
2025-08-29T21:43:19.038217+00:00,AAPL,enter_short,295.94,84,297.55892857142857,293.7814285714286,,SMAStrategy,normal,,,,,
2025-08-29T21:43:19.046549+00:00,MSFT,enter_long,331.08,75,328.0071428571428,335.6892857142857,,SMAStrategy,high_volatility,,,,,
2025-08-29T21:43:24.327956+00:00,MSFT,enter_short,332.68,75,335.9342857142857,327.79857142857145,,SMAStrategy,high_volatility,,,,,
2025-08-29T21:43:24.412745+00:00,MSFT,enter_short,332.83,75,336.09999999999997,327.925,,SMAStrategy,high_volatility,,,,,
2025-08-29T21:43:24.504351+00:00,MSFT,enter_short,332.87,75,335.86857142857144,328.3721428571429,,SMAStrategy,high_volatility,,,,,
2025-08-29T21:43:24.605315+00:00,MSFT,enter_long,332.92,75,330.76214285714286,335.7971428571429,,SMAStrategy,normal,,,,,
2025-08-29T21:43:24.705264+00:00,MSFT,enter_long,333.21,74,330.2742857142857,337.6135714285714,,SMAStrategy,high_volatility,,,,,
2025-08-29T21:43:24.806588+00:00,MSFT,enter_long,333.04,74,331.04071428571433,335.7057142857143,,SMAStrategy,normal,,,,,
2025-08-29T21:43:26.017360+00:00,MSFT,enter_short,331.53,75,333.4971428571428,328.90714285714284,,SMAStrategy,normal,,,,,
2025-08-29T21:43:26.113431+00:00,AAPL,enter_long,297.25,84,294.2528571428571,301.7457142857143,,SMAStrategy,high_volatility,,,,,
2025-08-29T21:43:26.119836+00:00,MSFT,enter_short,331.67,75,333.70250000000004,328.96000000000004,,SMAStrategy,normal,,,,,
2025-08-29T21:43:26.213772+00:00,AAPL,enter_long,297.48,83,294.51,301.935,,SMAStrategy,high_volatility,,,,,
2025-08-29T21:43:26.221294+00:00,MSFT,enter_short,331.85,75,333.86857142857144,329.15857142857146,,SMAStrategy,normal,,,,,
2025-08-29T21:43:26.315808+00:00,AAPL,enter_long,297.55,83,294.78714285714284,301.69428571428574,,SMAStrategy,high_volatility,,,,,
2025-08-29T21:43:28.439506+00:00,AAPL,enter_short,297.35,83,300.00428571428574,293.36857142857144,,SMAStrategy,high_volatility,,,,,
2025-08-29T21:43:28.541164+00:00,AAPL,enter_short,297.3,84,299.95000000000005,293.325,,SMAStrategy,high_volatility,,,,,
2025-08-29T21:43:28.652479+00:00,AAPL,enter_short,297.39,83,300.1014285714286,293.3228571428571,,SMAStrategy,high_volatility,,,,,
2025-08-29T21:43:29.245602+00:00,AAPL,enter_long,298.01,83,295.2657142857143,302.12642857142856,,SMAStrategy,high_volatility,,,,,
2025-08-29T21:43:29.346281+00:00,AAPL,enter_long,298.15,83,295.31857142857143,302.39714285714285,,SMAStrategy,high_volatility,,,,,
2025-08-29T21:43:29.446944+00:00,AAPL,enter_long,298.73,83,295.8128571428572,303.1057142857143,,SMAStrategy,high_volatility,,,,,
2025-08-29T21:43:35.617557+00:00,AAPL,enter_short,300.23,83,301.16357142857146,298.8296428571429,,SMAStrategy,low_volatility,,,,,
2025-08-29T21:43:35.625395+00:00,MSFT,enter_long,332.64,75,330.5389285714286,335.44142857142856,,SMAStrategy,normal,,,,,
2025-08-29T21:43:35.719883+00:00,AAPL,enter_short,300.63,83,301.5728571428571,299.2157142857143,,SMAStrategy,low_volatility,,,,,
2025-08-29T21:43:35.729898+00:00,MSFT,enter_long,331.97,75,329.915,334.71000000000004,,SMAStrategy,normal,,,,,
2025-08-29T21:43:36.328753+00:00,MSFT,enter_short,331.65,75,335.05571428571426,326.5414285714285,,SMAStrategy,high_volatility,,,,,
2025-08-29T21:43:36.424487+00:00,AAPL,enter_long,309.1,80,305.9114285714286,313.8828571428572,,SMAStrategy,high_volatility,,,,,
2025-08-29T21:43:36.429717+00:00,MSFT,enter_short,331.88,75,335.2628571428572,326.80571428571426,,SMAStrategy,high_volatility,,,,,
2025-08-29T21:43:36.526243+00:00,AAPL,enter_long,308.96,80,305.75142857142856,313.7728571428571,,SMAStrategy,high_volatility,,,,,
2025-08-29T21:43:37.949660+00:00,AAPL,enter_short,304.57,82,306.4910714285714,302.00857142857143,,SMAStrategy,normal,,,,,
2025-08-29T21:43:37.958510+00:00,MSFT,enter_long,333.39,74,331.4828571428571,335.93285714285713,,SMAStrategy,normal,,,,,
2025-08-29T21:43:38.039449+00:00,AAPL,enter_short,304.41,82,306.3567857142857,301.81428571428575,,SMAStrategy,normal,,,,,
2025-08-29T21:43:38.045094+00:00,MSFT,enter_long,333.99,74,331.8192857142857,336.88428571428574,,SMAStrategy,normal,,,,,
2025-08-29T21:43:38.141189+00:00,AAPL,enter_short,303.92,82,305.9407142857143,301.22571428571433,,SMAStrategy,normal,,,,,
2025-08-29T21:43:38.146508+00:00,MSFT,enter_long,333.78,74,331.5621428571428,336.7371428571428,,SMAStrategy,normal,,,,,
2025-08-29T21:43:39.461586+00:00,MSFT,enter_short,333.12,74,336.1657142857143,328.5514285714286,,SMAStrategy,high_volatility,,,,,
2025-08-29T21:43:39.564882+00:00,MSFT,enter_short,333.31,74,335.4882142857143,330.4057142857143,,SMAStrategy,normal,,,,,
2025-08-29T21:43:39.667582+00:00,MSFT,enter_short,333.31,74,335.37892857142856,330.5514285714286,,SMAStrategy,normal,,,,,
2025-08-29T21:43:40.160174+00:00,AAPL,enter_long,304.67,81,301.6157142857143,309.25142857142856,,SMAStrategy,high_volatility,,,,,
2025-08-29T21:43:40.261280+00:00,AAPL,enter_long,305.56,81,302.54857142857145,310.07714285714286,,SMAStrategy,high_volatility,,,,,
2025-08-29T21:43:40.361458+00:00,AAPL,enter_long,305.77,81,302.70142857142855,310.37285714285713,,SMAStrategy,high_volatility,,,,,
2025-08-29T21:43:42.691205+00:00,AAPL,enter_short,304.2,82,307.29571428571427,299.55642857142857,,SMAStrategy,high_volatility,,,,,
2025-08-29T21:43:42.700753+00:00,MSFT,enter_long,334.43,74,333.45428571428573,335.8935714285714,,SMAStrategy,low_volatility,,,,,
2025-08-29T21:43:42.790757+00:00,AAPL,enter_short,303.72,82,306.8757142857143,298.98642857142863,,SMAStrategy,high_volatility,,,,,
2025-08-29T21:43:42.800253+00:00,MSFT,enter_long,334.16,74,333.0464285714286,335.83035714285717,,SMAStrategy,low_volatility,,,,,
2025-08-29T21:43:45.960426+00:00,MSFT,enter_short,336.59,74,338.40071428571423,334.17571428571426,,SMAStrategy,normal,,,,,
2025-08-29T21:43:46.027632+00:00,AAPL,enter_long,304.06,82,300.86,308.86,,SMAStrategy,high_volatility,,,,,
2025-08-29T21:43:46.036168+00:00,MSFT,enter_short,337.2,74,338.9421428571428,334.87714285714287,,SMAStrategy,normal,,,,,
2025-08-29T21:43:46.136216+00:00,AAPL,enter_long,304.01,82,301.1142857142857,308.3535714285714,,SMAStrategy,high_volatility,,,,,
2025-08-29T21:43:46.154013+00:00,MSFT,enter_short,337.89,73,338.94071428571425,336.31392857142856,,SMAStrategy,low_volatility,,,,,
2025-08-29T21:43:46.225949+00:00,AAPL,enter_long,304.04,82,302.01500000000004,306.74,,SMAStrategy,normal,,,,,
2025-08-29T21:43:48.857820+00:00,AAPL,enter_short,303.97,82,305.8096428571429,301.51714285714286,,SMAStrategy,normal,,,,,
2025-08-29T21:43:48.958968+00:00,AAPL,enter_short,304.19,82,305.99857142857144,301.7785714285714,,SMAStrategy,normal,,,,,
2025-08-29T21:43:49.060020+00:00,AAPL,enter_short,303.95,82,305.06,302.28499999999997,,SMAStrategy,low_volatility,,,,,
2025-08-29T21:43:49.069643+00:00,MSFT,enter_long,337.92,73,337.10857142857145,339.13714285714286,,SMAStrategy,low_volatility,,,,,
2025-08-29T21:43:49.173296+00:00,MSFT,enter_long,337.87,73,336.9457142857143,339.2564285714286,,SMAStrategy,low_volatility,,,,,
2025-08-29T21:43:49.266338+00:00,MSFT,enter_long,338.62,73,337.7235714285714,339.96464285714285,,SMAStrategy,low_volatility,,,,,
2025-08-29T21:43:50.575791+00:00,MSFT,enter_short,336.69,74,337.82142857142856,334.99285714285713,,SMAStrategy,low_volatility,,,,,
2025-08-29T21:43:50.672430+00:00,AAPL,enter_long,304.5,82,302.58,307.06,,SMAStrategy,normal,,,,,
2025-08-29T21:43:50.679315+00:00,MSFT,enter_short,336.47,74,337.60357142857146,334.7696428571429,,SMAStrategy,low_volatility,,,,,
2025-08-29T21:43:50.774654+00:00,AAPL,enter_long,303.81,82,301.85464285714284,306.4171428571429,,SMAStrategy,normal,,,,,
2025-08-29T21:43:50.875924+00:00,AAPL,enter_short,303.67,82,304.84928571428577,301.9010714285714,,SMAStrategy,low_volatility,,,,,
2025-08-29T21:43:50.998359+00:00,AAPL,enter_short,303.85,82,305.0078571428572,302.11321428571426,,SMAStrategy,low_volatility,,,,,
2025-08-29T21:43:55.442010+00:00,AAPL,enter_long,302.47,82,299.20714285714286,307.36428571428576,,SMAStrategy,high_volatility,,,,,
2025-08-29T21:43:55.539289+00:00,AAPL,enter_long,301.7,82,298.4657142857143,306.5514285714286,,SMAStrategy,high_volatility,,,,,
2025-08-29T21:44:00.405506+00:00,AAPL,enter_short,308.71,80,310.7992857142857,305.92428571428565,,SMAStrategy,normal,,,,,
2025-08-29T21:44:00.412362+00:00,MSFT,enter_long,334.9,74,334.085,336.12249999999995,,SMAStrategy,low_volatility,,,,,
2025-08-29T21:44:00.496346+00:00,AAPL,enter_short,309.35,80,311.4521428571429,306.54714285714283,,SMAStrategy,normal,,,,,
2025-08-29T21:44:00.502789+00:00,MSFT,enter_long,335.09,74,334.22999999999996,336.38,,SMAStrategy,low_volatility,,,,,
2025-08-29T21:44:00.597931+00:00,AAPL,enter_short,308.45,80,311.46285714285716,303.93071428571426,,SMAStrategy,high_volatility,,,,,
2025-08-29T21:44:00.605619+00:00,MSFT,enter_long,334.96,74,334.0957142857143,336.25642857142856,,SMAStrategy,low_volatility,,,,,
2025-08-29T21:44:01.418472+00:00,MSFT,enter_short,333.79,74,334.5714285714286,332.6178571428572,,SMAStrategy,low_volatility,,,,,
2025-08-29T21:44:01.520910+00:00,MSFT,enter_short,333.06,74,333.8807142857143,331.82892857142855,,SMAStrategy,low_volatility,,,,,
2025-08-29T21:44:01.619247+00:00,MSFT,enter_short,333.17,74,333.93857142857144,332.01714285714286,,SMAStrategy,low_volatility,,,,,
2025-08-29T21:44:02.420813+00:00,AAPL,enter_long,309.38,80,305.87857142857143,314.63214285714287,,SMAStrategy,high_volatility,,,,,
2025-08-29T21:44:02.520449+00:00,AAPL,enter_long,309.49,80,305.83714285714285,314.9692857142857,,SMAStrategy,high_volatility,,,,,
2025-08-29T21:44:02.620398+00:00,AAPL,enter_long,308.87,80,304.79285714285714,314.98571428571427,,SMAStrategy,high_volatility,,,,,
2025-08-29T21:44:04.037683+00:00,AAPL,enter_short,309.39,80,312.6642857142857,304.4785714285714,,SMAStrategy,high_volatility,,,,,
2025-08-29T21:44:04.139534+00:00,AAPL,enter_short,309.12,80,312.39285714285717,304.2107142857143,,SMAStrategy,high_volatility,,,,,
2025-08-29T21:44:04.242078+00:00,AAPL,enter_short,308.47,80,310.79071428571433,305.3757142857143,,SMAStrategy,normal,,,,,
2025-08-29T21:44:04.752393+00:00,MSFT,enter_long,334.18,74,332.4142857142857,336.5342857142857,,SMAStrategy,normal,,,,,
2025-08-29T21:44:04.854903+00:00,MSFT,enter_long,334.0,74,332.2482142857143,336.3357142857143,,SMAStrategy,normal,,,,,
2025-08-29T21:44:04.952490+00:00,MSFT,enter_long,333.62,74,331.93035714285713,335.87285714285713,,SMAStrategy,normal,,,,,
2025-08-29T21:44:08.497710+00:00,MSFT,enter_short,335.2,74,338.3957142857143,330.40642857142853,,SMAStrategy,high_volatility,,,,,
2025-08-29T21:44:08.598113+00:00,MSFT,enter_short,335.29,74,338.48428571428576,330.49857142857144,,SMAStrategy,high_volatility,,,,,
2025-08-29T21:44:08.699442+00:00,MSFT,enter_short,335.41,74,338.3857142857143,330.9464285714286,,SMAStrategy,high_volatility,,,,,
2025-08-29T21:44:08.894160+00:00,AAPL,enter_long,313.02,79,309.5957142857143,318.15642857142853,,SMAStrategy,high_volatility,,,,,
2025-08-29T21:44:09.004218+00:00,AAPL,enter_long,312.34,79,308.84,317.59,,SMAStrategy,high_volatility,,,,,
2025-08-29T21:44:09.103681+00:00,AAPL,enter_long,311.28,80,307.95714285714286,316.2642857142857,,SMAStrategy,high_volatility,,,,,
2025-08-29T21:44:10.510015+00:00,AAPL,enter_short,311.1,80,313.39500000000004,308.04,,SMAStrategy,normal,,,,,
2025-08-29T21:44:10.517310+00:00,MSFT,enter_long,336.12,74,334.365,338.46000000000004,,SMAStrategy,normal,,,,,
2025-08-29T21:44:10.614340+00:00,AAPL,enter_short,311.15,80,313.3625,308.2,,SMAStrategy,normal,,,,,
2025-08-29T21:44:10.622655+00:00,MSFT,enter_long,335.85,74,334.1764285714286,338.0814285714286,,SMAStrategy,normal,,,,,
2025-08-29T21:44:10.712888+00:00,AAPL,enter_short,311.33,80,313.62071428571426,308.27571428571423,,SMAStrategy,normal,,,,,
2025-08-29T21:44:10.720744+00:00,MSFT,enter_long,336.08,74,334.2660714285714,338.49857142857144,,SMAStrategy,normal,,,,,
2025-08-29T21:44:10.920836+00:00,MSFT,enter_short,331.98,75,335.0342857142858,327.3985714285714,,SMAStrategy,high_volatility,,,,,
2025-08-29T21:44:11.022187+00:00,MSFT,enter_short,331.6,75,334.71000000000004,326.935,,SMAStrategy,high_volatility,,,,,
2025-08-29T21:44:11.123904+00:00,MSFT,enter_short,331.74,75,335.0342857142858,326.7985714285714,,SMAStrategy,high_volatility,,,,,
2025-08-29T21:44:14.177732+00:00,MSFT,enter_long,333.42,74,332.36857142857144,334.9971428571429,,SMAStrategy,low_volatility,,,,,
2025-08-29T21:44:14.263407+00:00,MSFT,enter_long,334.23,74,332.52964285714285,336.4971428571429,,SMAStrategy,normal,,,,,
2025-08-29T21:44:14.359181+00:00,MSFT,enter_long,333.81,74,332.1278571428571,336.05285714285714,,SMAStrategy,normal,,,,,
2025-08-29T21:44:15.904667+00:00,MSFT,enter_short,331.96,75,335.0185714285714,327.3721428571428,,SMAStrategy,high_volatility,,,,,
2025-08-29T21:44:15.977050+00:00,MSFT,enter_short,332.16,75,335.4814285714286,327.1778571428572,,SMAStrategy,high_volatility,,,,,
2025-08-29T21:44:16.084575+00:00,MSFT,enter_short,332.47,75,335.4257142857143,328.0364285714286,,SMAStrategy,high_volatility,,,,,
2025-08-29T21:44:17.710920+00:00,MSFT,enter_long,332.76,75,328.89428571428573,338.55857142857144,,SMAStrategy,high_volatility,,,,,
2025-08-29T21:44:17.795280+00:00,MSFT,enter_long,332.68,75,328.8457142857143,338.43142857142857,,SMAStrategy,high_volatility,,,,,
2025-08-29T21:44:17.905530+00:00,MSFT,enter_long,332.76,75,329.11857142857144,338.22214285714284,,SMAStrategy,high_volatility,,,,,
2025-08-29T21:44:20.041318+00:00,MSFT,enter_short,333.17,74,337.1071428571429,327.26428571428573,,SMAStrategy,high_volatility,,,,,
2025-08-29T21:44:20.140014+00:00,MSFT,enter_short,333.58,74,337.7285714285714,327.35714285714283,,SMAStrategy,high_volatility,,,,,
2025-08-29T21:44:20.232087+00:00,MSFT,enter_short,333.44,74,337.7285714285714,327.00714285714287,,SMAStrategy,high_volatility,,,,,
2025-08-29T21:44:20.435101+00:00,MSFT,enter_long,333.4,74,329.1485714285714,339.77714285714285,,SMAStrategy,high_volatility,,,,,
2025-08-29T21:44:20.534672+00:00,MSFT,enter_long,333.22,74,329.17,339.295,,SMAStrategy,high_volatility,,,,,
2025-08-29T21:44:20.632378+00:00,MSFT,enter_long,333.48,74,329.66,339.21000000000004,,SMAStrategy,high_volatility,,,,,
2025-08-29T21:44:22.852968+00:00,MSFT,enter_short,333.86,74,335.7532142857143,331.3357142857143,,SMAStrategy,normal,,,,,
2025-08-29T21:44:22.951946+00:00,AAPL,enter_long,299.19,83,298.00357142857143,300.96964285714284,,SMAStrategy,low_volatility,,,,,
2025-08-29T21:44:22.969055+00:00,MSFT,enter_short,334.2,74,336.1060714285714,331.6585714285714,,SMAStrategy,normal,,,,,
2025-08-29T21:44:23.056593+00:00,AAPL,enter_long,299.22,83,298.06928571428574,300.94607142857143,,SMAStrategy,low_volatility,,,,,
2025-08-29T21:44:23.073367+00:00,MSFT,enter_short,333.55,74,335.58464285714285,330.83714285714285,,SMAStrategy,normal,,,,,
2025-08-29T21:44:23.152258+00:00,AAPL,enter_long,299.34,83,298.2707142857143,300.94392857142856,,SMAStrategy,low_volatility,,,,,
2025-08-29T21:44:23.356035+00:00,AAPL,enter_short,298.43,83,299.6542857142857,296.59357142857147,,SMAStrategy,low_volatility,,,,,
2025-08-29T21:44:23.460578+00:00,AAPL,enter_short,299.5,83,301.4789285714286,296.8614285714286,,SMAStrategy,normal,,,,,
2025-08-29T21:44:23.568292+00:00,AAPL,enter_short,300.35,83,302.4328571428572,297.5728571428572,,SMAStrategy,normal,,,,,
2025-08-29T21:44:23.767404+00:00,MSFT,enter_long,334.95,74,331.71285714285716,339.80571428571426,,SMAStrategy,high_volatility,,,,,
2025-08-29T21:44:23.863507+00:00,MSFT,enter_long,335.15,74,331.9528571428571,339.94571428571425,,SMAStrategy,high_volatility,,,,,
2025-08-29T21:44:23.966004+00:00,MSFT,enter_long,335.46,74,332.25714285714287,340.2642857142857,,SMAStrategy,high_volatility,,,,,
2025-08-29T21:44:26.290813+00:00,MSFT,enter_short,335.07,74,336.9792857142857,332.5242857142857,,SMAStrategy,normal,,,,,
2025-08-29T21:44:26.393658+00:00,MSFT,enter_short,335.41,74,336.5414285714286,333.71285714285716,,SMAStrategy,low_volatility,,,,,
2025-08-29T21:44:26.501939+00:00,MSFT,enter_short,335.09,74,336.9553571428571,332.60285714285715,,SMAStrategy,normal,,,,,
2025-08-29T21:44:27.093913+00:00,AAPL,enter_long,300.14,83,297.68535714285713,303.41285714285715,,SMAStrategy,normal,,,,,
2025-08-29T21:44:27.193263+00:00,AAPL,enter_long,301.01,82,298.5875,304.24,,SMAStrategy,normal,,,,,
2025-08-29T21:44:27.293473+00:00,AAPL,enter_long,300.96,82,298.74321428571426,303.9157142857143,,SMAStrategy,normal,,,,,
2025-08-29T21:44:30.127211+00:00,AAPL,enter_short,303.25,82,305.33714285714285,300.46714285714285,,SMAStrategy,normal,,,,,
2025-08-29T21:44:30.139187+00:00,MSFT,enter_long,336.75,74,332.8328571428571,342.6257142857143,,SMAStrategy,high_volatility,,,,,
2025-08-29T21:44:30.228931+00:00,AAPL,enter_short,303.78,82,305.83821428571423,301.0357142857143,,SMAStrategy,normal,,,,,
2025-08-29T21:44:30.239919+00:00,MSFT,enter_long,336.01,74,331.9271428571428,342.13428571428574,,SMAStrategy,high_volatility,,,,,
2025-08-29T21:44:30.330125+00:00,AAPL,enter_short,303.04,82,305.1014285714286,300.2914285714286,,SMAStrategy,normal,,,,,
2025-08-29T21:44:30.340259+00:00,MSFT,enter_long,336.13,74,332.1085714285714,342.16214285714284,,SMAStrategy,high_volatility,,,,,
2025-08-29T21:44:30.843708+00:00,MSFT,enter_short,335.78,74,339.20142857142855,330.6478571428571,,SMAStrategy,high_volatility,,,,,
2025-08-29T21:44:30.940407+00:00,MSFT,enter_short,336.02,74,339.2857142857143,331.12142857142857,,SMAStrategy,high_volatility,,,,,
2025-08-29T21:44:31.035579+00:00,AAPL,enter_long,305.33,81,303.4325,307.85999999999996,,SMAStrategy,normal,,,,,
2025-08-29T21:44:31.041097+00:00,MSFT,enter_short,336.97,74,340.4,331.82500000000005,,SMAStrategy,high_volatility,,,,,
2025-08-29T21:44:31.138537+00:00,AAPL,enter_long,304.3,82,302.3607142857143,306.8857142857143,,SMAStrategy,normal,,,,,
2025-08-29T21:44:31.249573+00:00,AAPL,enter_long,304.02,82,301.8567857142857,306.9042857142857,,SMAStrategy,normal,,,,,
2025-08-29T21:54:19.076740+00:00,MSFT,enter_long,258.74,96,257.98,259.88,,SMAStrategy,low_volatility,,,,,
2025-08-29T21:54:19.178526+00:00,MSFT,enter_long,258.52,96,257.7285714285714,259.70714285714286,,SMAStrategy,low_volatility,,,,,
