timestamp,symbol,action,price,quantity,sl,tp,trailing_stop,strategy,regime,cash_before,cash_after,position_before,position_after,notes
2025-08-20T15:03:08.879336+00:00,AAPL,enter_long,282.8,353,281.33857142857147,284.74857142857144,,MomentumStrategy,normal,,,,,
2025-08-20T15:03:10.000557+00:00,AAPL,enter_short,282.88,2,283.75071428571425,281.57392857142855,,MomentumStrategy,low_volatility,,,,,
2025-08-20T15:03:10.100916+00:00,AAPL,enter_short,282.94,2,283.86857142857144,281.5471428571429,,MomentumStrategy,low_volatility,,,,,
2025-08-20T15:03:10.198812+00:00,AAPL,enter_short,282.8,2,283.7192857142857,281.42107142857145,,MomentumStrategy,low_volatility,,,,,
2025-08-20T15:03:10.302958+00:00,AAPL,enter_short,282.77,1,284.195,280.87,,MomentumStrategy,normal,,,,,
2025-08-20T15:03:10.449513+00:00,AAPL,enter_short,282.82,1,284.2857142857143,280.8657142857143,,MomentumStrategy,normal,,,,,
2025-08-20T15:03:11.422173+00:00,AAPL,enter_short,283.0,1,284.40999999999997,281.12,,MomentumStrategy,normal,,,,,
2025-08-20T15:03:11.514837+00:00,AAPL,enter_short,283.02,1,284.49642857142857,281.0514285714286,,MomentumStrategy,normal,,,,,
2025-08-20T15:03:11.616244+00:00,AAPL,enter_short,283.05,1,284.52214285714285,281.08714285714285,,MomentumStrategy,normal,,,,,
2025-08-20T15:03:13.153860+00:00,AAPL,enter_short,283.05,1,284.6367857142857,280.93428571428575,,MomentumStrategy,normal,,,,,
2025-08-20T15:03:13.253614+00:00,AAPL,enter_short,283.02,1,284.5778571428571,280.9428571428571,,MomentumStrategy,normal,,,,,
2025-08-20T15:03:13.359826+00:00,AAPL,enter_short,283.04,1,284.4864285714286,281.11142857142863,,MomentumStrategy,normal,,,,,
2025-08-20T15:03:13.861384+00:00,AAPL,enter_short,283.04,2,283.85214285714284,281.82178571428574,,MomentumStrategy,low_volatility,,,,,
2025-08-20T15:03:13.964725+00:00,AAPL,enter_short,282.93,2,283.80285714285714,281.6207142857143,,MomentumStrategy,low_volatility,,,,,
2025-08-20T15:03:14.065523+00:00,AAPL,enter_short,283.0,2,283.865,281.70250000000004,,MomentumStrategy,low_volatility,,,,,
2025-08-20T15:03:14.166548+00:00,AAPL,enter_short,283.16,2,283.89428571428573,282.05857142857144,,MomentumStrategy,low_volatility,,,,,
2025-08-20T15:03:20.462300+00:00,AAPL,enter_short,284.93,1,286.5864285714286,282.7214285714286,,MomentumStrategy,normal,,,,,
2025-08-20T15:03:20.563753+00:00,AAPL,enter_short,284.79,1,286.27607142857147,282.80857142857144,,MomentumStrategy,normal,,,,,
2025-08-20T15:03:20.665428+00:00,AAPL,enter_short,284.53,1,286.0042857142857,282.5642857142857,,MomentumStrategy,normal,,,,,
2025-08-20T15:03:20.766885+00:00,AAPL,enter_short,284.68,1,286.3225,282.49,,MomentumStrategy,normal,,,,,
2025-08-20T15:03:20.868933+00:00,AAPL,enter_short,284.86,1,286.50678571428574,282.6642857142857,,MomentumStrategy,normal,,,,,
2025-08-20T15:03:20.970393+00:00,AAPL,enter_short,284.89,1,286.50357142857143,282.7385714285714,,MomentumStrategy,normal,,,,,
2025-08-20T15:03:21.380930+00:00,AAPL,enter_short,284.9,1,286.4482142857143,282.83571428571423,,MomentumStrategy,normal,,,,,
2025-08-20T15:03:21.488849+00:00,AAPL,enter_short,284.99,1,286.50607142857143,282.9685714285714,,MomentumStrategy,normal,,,,,
2025-08-20T15:03:21.588886+00:00,AAPL,enter_short,285.03,1,286.63714285714286,282.8871428571428,,MomentumStrategy,normal,,,,,
2025-08-20T15:03:23.721571+00:00,AAPL,enter_short,285.14,1,286.75571428571425,282.98571428571427,,MomentumStrategy,normal,,,,,
2025-08-20T15:03:25.057803+00:00,AAPL,enter_short,285.66,1,287.17178571428576,283.64428571428573,,MomentumStrategy,normal,,,,,
2025-08-20T15:03:25.151739+00:00,AAPL,enter_short,285.56,1,287.11785714285713,283.48285714285714,,MomentumStrategy,normal,,,,,
2025-08-20T15:03:28.712288+00:00,AAPL,enter_short,286.33,1,287.8010714285714,284.36857142857144,,MomentumStrategy,normal,,,,,
2025-08-20T15:03:29.963112+00:00,AAPL,enter_short,286.56,2,287.4585714285714,285.21214285714285,,MomentumStrategy,low_volatility,,,,,
2025-08-20T15:03:30.060841+00:00,AAPL,enter_short,286.83,1,288.2496428571428,284.9371428571428,,MomentumStrategy,normal,,,,,
2025-08-20T15:03:30.349860+00:00,AAPL,enter_short,286.56,1,287.99035714285714,284.65285714285716,,MomentumStrategy,normal,,,,,
2025-08-20T15:03:31.871323+00:00,AAPL,enter_short,286.08,1,287.71178571428567,283.9042857142857,,MomentumStrategy,normal,,,,,
2025-08-20T15:03:32.174865+00:00,AAPL,enter_short,286.32,1,287.9089285714286,284.20142857142855,,MomentumStrategy,normal,,,,,
2025-08-20T15:03:32.278767+00:00,AAPL,enter_short,286.4,1,287.95892857142854,284.32142857142856,,MomentumStrategy,normal,,,,,
2025-08-20T15:03:32.382650+00:00,AAPL,enter_short,286.44,1,287.8832142857143,284.5157142857143,,MomentumStrategy,normal,,,,,
2025-08-20T15:03:32.484178+00:00,AAPL,enter_short,286.42,1,287.83857142857147,284.5285714285714,,MomentumStrategy,normal,,,,,
2025-08-20T15:03:32.586908+00:00,AAPL,enter_short,286.36,2,287.22857142857146,285.0571428571429,,MomentumStrategy,low_volatility,,,,,
2025-08-20T15:03:32.693293+00:00,AAPL,enter_short,286.35,2,287.1671428571429,285.12428571428575,,MomentumStrategy,low_volatility,,,,,
2025-08-20T15:03:32.796471+00:00,AAPL,enter_short,286.28,2,287.07142857142856,285.0928571428571,,MomentumStrategy,low_volatility,,,,,
2025-08-20T15:03:32.885016+00:00,AAPL,enter_short,286.09,2,286.9271428571428,284.83428571428567,,MomentumStrategy,low_volatility,,,,,
2025-08-20T15:03:33.002763+00:00,AAPL,enter_short,286.01,1,287.3975,284.15999999999997,,MomentumStrategy,normal,,,,,
2025-08-20T15:03:33.093172+00:00,AAPL,enter_short,285.93,1,287.3657142857143,284.0157142857143,,MomentumStrategy,normal,,,,,
2025-08-20T15:03:33.194799+00:00,AAPL,enter_short,285.88,1,287.34785714285715,283.92285714285714,,MomentumStrategy,normal,,,,,
2025-08-20T15:03:33.296171+00:00,AAPL,enter_short,285.78,1,287.45142857142855,283.5514285714285,,MomentumStrategy,normal,,,,,
2025-08-20T15:03:33.399637+00:00,AAPL,enter_short,286.02,1,287.7257142857143,283.74571428571426,,MomentumStrategy,normal,,,,,
2025-08-20T15:03:33.500714+00:00,AAPL,enter_short,285.89,1,287.5989285714286,283.6114285714285,,MomentumStrategy,normal,,,,,
2025-08-20T15:03:33.597857+00:00,AAPL,enter_short,285.95,1,287.675,283.65,,MomentumStrategy,normal,,,,,
2025-08-20T15:03:34.714232+00:00,AAPL,enter_short,286.31,1,287.87107142857144,284.2285714285714,,MomentumStrategy,normal,,,,,
2025-08-20T15:03:37.157961+00:00,AAPL,enter_short,295.43,1,297.1485714285714,293.1385714285714,,MomentumStrategy,normal,,,,,
2025-08-20T15:03:37.362069+00:00,AAPL,enter_short,294.94,1,296.69714285714286,292.59714285714284,,MomentumStrategy,normal,,,,,
2025-08-20T15:03:37.870830+00:00,AAPL,enter_short,294.64,1,296.40035714285716,292.29285714285714,,MomentumStrategy,normal,,,,,
2025-08-20T15:03:37.971402+00:00,AAPL,enter_short,294.63,1,296.2092857142857,292.5242857142857,,MomentumStrategy,normal,,,,,
2025-08-20T15:03:38.073526+00:00,AAPL,enter_short,294.78,1,296.38821428571424,292.63571428571424,,MomentumStrategy,normal,,,,,
2025-08-20T15:03:38.176008+00:00,AAPL,enter_short,294.62,1,296.2346428571429,292.46714285714285,,MomentumStrategy,normal,,,,,
2025-08-20T15:03:38.278441+00:00,AAPL,enter_short,294.4,1,296.1432142857143,292.07571428571424,,MomentumStrategy,normal,,,,,
2025-08-20T15:03:38.482030+00:00,AAPL,enter_short,294.6,1,296.1064285714286,292.5914285714286,,MomentumStrategy,normal,,,,,
2025-08-20T15:03:38.585177+00:00,AAPL,enter_short,294.35,2,295.1514285714286,293.14785714285716,,MomentumStrategy,low_volatility,,,,,
2025-08-20T15:03:38.688901+00:00,AAPL,enter_short,294.31,2,295.01714285714286,293.24928571428575,,MomentumStrategy,low_volatility,,,,,
2025-08-20T15:03:38.789920+00:00,AAPL,enter_short,294.41,2,295.1778571428572,293.2582142857143,,MomentumStrategy,low_volatility,,,,,
2025-08-20T15:03:38.884804+00:00,AAPL,enter_short,294.56,2,295.36071428571427,293.3589285714286,,MomentumStrategy,low_volatility,,,,,
2025-08-20T15:03:38.991731+00:00,AAPL,enter_short,294.44,2,295.2557142857143,293.2164285714286,,MomentumStrategy,low_volatility,,,,,
2025-08-20T15:03:39.096938+00:00,AAPL,enter_short,294.5,2,295.33214285714286,293.25178571428575,,MomentumStrategy,low_volatility,,,,,
2025-08-20T15:03:39.199472+00:00,AAPL,enter_short,294.64,2,295.4528571428571,293.42071428571427,,MomentumStrategy,low_volatility,,,,,
2025-08-20T15:03:39.299547+00:00,AAPL,enter_short,294.54,2,295.3857142857143,293.2714285714286,,MomentumStrategy,low_volatility,,,,,
2025-08-20T15:03:39.398923+00:00,AAPL,enter_short,294.55,2,295.4192857142857,293.24607142857144,,MomentumStrategy,low_volatility,,,,,
2025-08-20T15:03:39.503697+00:00,AAPL,enter_short,294.66,2,295.51928571428573,293.37107142857144,,MomentumStrategy,low_volatility,,,,,
2025-08-20T15:03:39.716422+00:00,AAPL,enter_short,294.97,2,295.7314285714286,293.82785714285717,,MomentumStrategy,low_volatility,,,,,
2025-08-20T15:03:42.047373+00:00,AAPL,enter_short,294.28,1,296.02642857142854,291.95142857142855,,MomentumStrategy,normal,,,,,
2025-08-20T15:03:42.147618+00:00,AAPL,enter_short,294.18,1,295.8514285714286,291.95142857142855,,MomentumStrategy,normal,,,,,
2025-08-20T15:03:42.242116+00:00,AAPL,enter_short,293.93,1,295.51250000000005,291.82,,MomentumStrategy,normal,,,,,
2025-08-20T15:03:42.359918+00:00,AAPL,enter_short,294.09,2,295.0128571428571,292.70571428571424,,MomentumStrategy,low_volatility,,,,,
2025-08-20T15:03:47.521957+00:00,AAPL,enter_short,302.33,1,304.1503571428571,299.90285714285716,,MomentumStrategy,normal,,,,,
2025-08-20T15:03:47.629385+00:00,AAPL,enter_short,302.11,1,303.9635714285714,299.6385714285715,,MomentumStrategy,normal,,,,,
2025-08-20T15:03:47.733257+00:00,AAPL,enter_short,302.09,1,303.97678571428565,299.57428571428574,,MomentumStrategy,normal,,,,,
2025-08-20T15:03:47.841824+00:00,AAPL,enter_short,302.06,1,303.8975,299.61,,MomentumStrategy,normal,,,,,
2025-08-20T15:03:47.942710+00:00,AAPL,enter_short,302.12,1,303.86642857142857,299.7914285714286,,MomentumStrategy,normal,,,,,
2025-08-20T15:03:48.033226+00:00,AAPL,enter_short,301.53,1,303.13499999999993,299.39,,MomentumStrategy,normal,,,,,
2025-08-20T15:03:48.141347+00:00,AAPL,enter_short,301.8,1,303.44357142857143,299.60857142857145,,MomentumStrategy,normal,,,,,
2025-08-20T15:03:48.260187+00:00,AAPL,enter_short,301.87,2,302.7892857142857,300.49107142857144,,MomentumStrategy,low_volatility,,,,,
2025-08-20T15:03:48.336620+00:00,AAPL,enter_short,301.57,1,303.12142857142857,299.50142857142856,,MomentumStrategy,normal,,,,,
2025-08-20T15:03:48.426079+00:00,AAPL,enter_short,301.09,1,302.7989285714285,298.81142857142856,,MomentumStrategy,normal,,,,,
2025-08-20T15:03:48.526377+00:00,AAPL,enter_short,301.18,1,302.89,298.90000000000003,,MomentumStrategy,normal,,,,,
2025-08-20T15:03:48.729712+00:00,AAPL,enter_short,300.98,1,302.87857142857143,298.4485714285715,,MomentumStrategy,normal,,,,,
2025-08-20T15:03:48.830296+00:00,AAPL,enter_short,300.92,1,302.7007142857143,298.5457142857143,,MomentumStrategy,normal,,,,,
2025-08-20T15:03:48.929482+00:00,AAPL,enter_short,300.7,1,302.4292857142857,298.39428571428573,,MomentumStrategy,normal,,,,,
2025-08-20T15:03:49.837715+00:00,AAPL,enter_short,301.71,1,303.57642857142855,299.22142857142853,,MomentumStrategy,normal,,,,,
2025-08-20T15:03:49.938732+00:00,AAPL,enter_short,301.91,1,303.6725,299.56,,MomentumStrategy,normal,,,,,
2025-08-20T15:03:50.242804+00:00,AAPL,enter_short,301.67,1,303.23,299.59000000000003,,MomentumStrategy,normal,,,,,
2025-08-20T15:03:51.862125+00:00,AAPL,enter_short,300.66,1,302.55428571428575,298.13428571428574,,MomentumStrategy,normal,,,,,
2025-08-20T15:03:51.963293+00:00,AAPL,enter_short,300.53,1,302.34499999999997,298.10999999999996,,MomentumStrategy,normal,,,,,
2025-08-20T15:03:52.061756+00:00,AAPL,enter_short,300.38,1,302.0160714285714,298.1985714285714,,MomentumStrategy,normal,,,,,
2025-08-20T15:03:52.163964+00:00,AAPL,enter_short,301.04,1,302.71035714285716,298.8128571428572,,MomentumStrategy,normal,,,,,
2025-08-20T15:03:52.281162+00:00,AAPL,enter_short,301.48,1,303.0785714285714,299.34857142857146,,MomentumStrategy,normal,,,,,
2025-08-20T15:03:52.381012+00:00,AAPL,enter_short,301.37,1,302.92357142857145,299.29857142857145,,MomentumStrategy,normal,,,,,
2025-08-20T15:04:02.361279+00:00,AAPL,enter_short,308.78,1,310.2853571428571,306.7728571428571,,MomentumStrategy,normal,,,,,
2025-08-20T15:04:02.463940+00:00,AAPL,enter_short,308.51,1,310.0571428571428,306.44714285714286,,MomentumStrategy,normal,,,,,
2025-08-20T15:04:02.569390+00:00,AAPL,enter_short,308.55,1,310.14,306.43,,MomentumStrategy,normal,,,,,
2025-08-20T15:04:02.678287+00:00,AAPL,enter_short,308.48,1,310.12678571428575,306.2842857142857,,MomentumStrategy,normal,,,,,
2025-08-20T15:04:02.760974+00:00,AAPL,enter_short,308.16,1,309.83785714285716,305.9228571428572,,MomentumStrategy,normal,,,,,
2025-08-20T15:04:02.879905+00:00,AAPL,enter_short,308.38,1,310.12107142857144,306.05857142857144,,MomentumStrategy,normal,,,,,
2025-08-20T15:04:02.976498+00:00,AAPL,enter_short,308.22,1,310.0039285714286,305.8414285714286,,MomentumStrategy,normal,,,,,
2025-08-20T15:04:03.085921+00:00,AAPL,enter_short,307.96,1,309.7685714285714,305.5485714285714,,MomentumStrategy,normal,,,,,
2025-08-20T15:04:03.265057+00:00,AAPL,enter_short,308.35,1,310.18964285714287,305.8971428571429,,MomentumStrategy,normal,,,,,
2025-08-20T15:04:03.365993+00:00,AAPL,enter_short,308.49,1,310.335,306.03000000000003,,MomentumStrategy,normal,,,,,
2025-08-20T15:04:03.667800+00:00,AAPL,enter_short,308.79,1,310.6360714285714,306.3285714285714,,MomentumStrategy,normal,,,,,
2025-08-20T15:04:03.769307+00:00,AAPL,enter_short,308.75,1,310.55107142857145,306.3485714285714,,MomentumStrategy,normal,,,,,
2025-08-20T15:04:03.894562+00:00,AAPL,enter_short,308.19,1,309.9932142857143,305.7857142857143,,MomentumStrategy,normal,,,,,
2025-08-20T15:04:03.988767+00:00,AAPL,enter_short,308.05,1,309.7921428571429,305.72714285714284,,MomentumStrategy,normal,,,,,
2025-08-20T15:04:04.076552+00:00,AAPL,enter_short,307.67,1,309.50750000000005,305.21999999999997,,MomentumStrategy,normal,,,,,
2025-08-20T15:04:04.179178+00:00,AAPL,enter_short,307.67,1,309.47535714285715,305.2628571428571,,MomentumStrategy,normal,,,,,
2025-08-20T15:04:04.277358+00:00,AAPL,enter_short,307.49,1,309.29428571428576,305.0842857142857,,MomentumStrategy,normal,,,,,
2025-08-20T15:04:04.377902+00:00,AAPL,enter_short,307.38,1,309.0814285714286,305.1114285714285,,MomentumStrategy,normal,,,,,
2025-08-20T15:04:04.480210+00:00,AAPL,enter_short,307.52,1,309.1775,305.30999999999995,,MomentumStrategy,normal,,,,,
2025-08-20T15:04:04.581034+00:00,AAPL,enter_short,307.64,2,308.57142857142856,306.24285714285713,,MomentumStrategy,low_volatility,,,,,
2025-08-20T15:04:04.682588+00:00,AAPL,enter_short,307.14,1,308.62928571428574,305.15428571428566,,MomentumStrategy,normal,,,,,
2025-08-20T15:04:04.784424+00:00,AAPL,enter_short,306.97,2,307.8707142857143,305.61892857142857,,MomentumStrategy,low_volatility,,,,,
2025-08-20T15:04:04.885318+00:00,AAPL,enter_short,307.5,2,308.4378571428572,306.0932142857143,,MomentumStrategy,low_volatility,,,,,
2025-08-20T15:04:04.986294+00:00,AAPL,enter_short,307.52,1,308.98357142857145,305.5685714285714,,MomentumStrategy,normal,,,,,
2025-08-20T15:04:05.090971+00:00,AAPL,enter_short,307.61,1,309.1078571428572,305.61285714285714,,MomentumStrategy,normal,,,,,
2025-08-20T15:04:05.210581+00:00,AAPL,enter_short,307.29,1,308.81357142857144,305.25857142857143,,MomentumStrategy,normal,,,,,
2025-08-20T15:04:05.313664+00:00,AAPL,enter_short,307.41,1,309.00000000000006,305.29,,MomentumStrategy,normal,,,,,
2025-08-20T15:04:05.397205+00:00,AAPL,enter_short,307.65,1,309.2207142857143,305.55571428571426,,MomentumStrategy,normal,,,,,
2025-08-20T15:04:05.520928+00:00,AAPL,enter_short,307.7,1,309.29214285714284,305.57714285714286,,MomentumStrategy,normal,,,,,
2025-08-20T15:04:05.627299+00:00,AAPL,enter_short,307.72,1,309.30142857142863,305.6114285714286,,MomentumStrategy,normal,,,,,
2025-08-20T15:04:05.718268+00:00,AAPL,enter_short,308.23,1,309.70750000000004,306.26,,MomentumStrategy,normal,,,,,
2025-08-20T15:04:05.805758+00:00,AAPL,enter_short,308.12,1,309.72714285714284,305.97714285714284,,MomentumStrategy,normal,,,,,
2025-08-20T15:04:05.907426+00:00,AAPL,enter_short,307.93,1,309.5607142857143,305.7557142857143,,MomentumStrategy,normal,,,,,
2025-08-20T15:04:06.008166+00:00,AAPL,enter_short,307.63,1,309.4267857142857,305.2342857142857,,MomentumStrategy,normal,,,,,
2025-08-20T15:04:06.110006+00:00,AAPL,enter_short,307.36,1,309.1257142857143,305.0057142857143,,MomentumStrategy,normal,,,,,
2025-08-20T15:04:06.418775+00:00,MSFT,enter_long,297.28,154,294.0428571428571,302.1357142857143,,MomentumStrategy,high_volatility,,,,,
2025-08-20T15:04:07.429506+00:00,MSFT,enter_short,297.04,1,298.915,294.54,,MomentumStrategy,normal,,,,,
2025-08-20T15:04:07.726141+00:00,AAPL,enter_short,307.97,2,308.8285714285715,306.6821428571429,,MomentumStrategy,low_volatility,,,,,
2025-08-20T15:04:07.731699+00:00,MSFT,enter_short,297.38,1,299.0621428571429,295.13714285714286,,MomentumStrategy,normal,,,,,
2025-08-20T15:04:07.832430+00:00,MSFT,enter_short,297.36,1,299.01750000000004,295.15,,MomentumStrategy,normal,,,,,
2025-08-20T15:04:07.933138+00:00,MSFT,enter_short,297.36,1,298.88464285714286,295.32714285714286,,MomentumStrategy,normal,,,,,
2025-08-20T15:04:08.033916+00:00,MSFT,enter_short,297.16,2,298.1564285714286,295.66535714285715,,MomentumStrategy,low_volatility,,,,,
2025-08-20T15:04:08.134593+00:00,MSFT,enter_short,297.36,2,298.33714285714285,295.89428571428573,,MomentumStrategy,low_volatility,,,,,
2025-08-20T15:04:08.235318+00:00,MSFT,enter_short,297.44,1,299.1092857142857,295.2142857142857,,MomentumStrategy,normal,,,,,
2025-08-20T15:04:08.336173+00:00,MSFT,enter_short,296.95,1,298.62142857142857,294.72142857142853,,MomentumStrategy,normal,,,,,
2025-08-20T15:04:08.437223+00:00,MSFT,enter_short,297.12,1,299.0175,294.59000000000003,,MomentumStrategy,normal,,,,,
2025-08-20T15:04:08.870572+00:00,MSFT,enter_short,296.56,1,298.4864285714286,293.99142857142857,,MomentumStrategy,normal,,,,,
2025-08-20T15:04:09.244843+00:00,MSFT,enter_short,295.82,1,297.7110714285714,293.29857142857145,,MomentumStrategy,normal,,,,,
2025-08-20T15:04:09.650593+00:00,MSFT,enter_short,296.17,1,297.98285714285714,293.7528571428572,,MomentumStrategy,normal,,,,,
2025-08-20T15:04:09.754135+00:00,MSFT,enter_short,296.37,1,298.11857142857144,294.0385714285714,,MomentumStrategy,normal,,,,,
2025-08-20T15:04:09.854234+00:00,MSFT,enter_short,296.61,1,298.3157142857143,294.3357142857143,,MomentumStrategy,normal,,,,,
2025-08-20T15:04:09.954992+00:00,MSFT,enter_short,296.55,1,298.2064285714286,294.3414285714286,,MomentumStrategy,normal,,,,,
2025-08-20T15:04:10.056033+00:00,MSFT,enter_short,296.8,1,298.55928571428575,294.45428571428573,,MomentumStrategy,normal,,,,,
2025-08-20T15:04:10.157283+00:00,MSFT,enter_short,296.46,1,298.17214285714283,294.1771428571428,,MomentumStrategy,normal,,,,,
2025-08-20T15:04:10.259455+00:00,MSFT,enter_short,296.45,1,298.13,294.21,,MomentumStrategy,normal,,,,,
2025-08-20T15:04:10.356376+00:00,MSFT,enter_short,295.99,1,297.52214285714285,293.94714285714286,,MomentumStrategy,normal,,,,,
2025-08-20T15:04:10.459342+00:00,MSFT,enter_short,295.66,1,297.2082142857143,293.59571428571434,,MomentumStrategy,normal,,,,,
2025-08-20T15:04:10.558545+00:00,MSFT,enter_short,295.7,1,297.3017857142857,293.5642857142857,,MomentumStrategy,normal,,,,,
2025-08-20T15:04:10.659678+00:00,MSFT,enter_short,295.67,1,297.2846428571429,293.51714285714286,,MomentumStrategy,normal,,,,,
2025-08-20T15:04:10.762390+00:00,MSFT,enter_short,295.73,2,296.70500000000004,294.26750000000004,,MomentumStrategy,low_volatility,,,,,
2025-08-20T15:04:10.865577+00:00,MSFT,enter_short,295.54,2,296.5257142857143,294.06142857142856,,MomentumStrategy,low_volatility,,,,,
2025-08-20T15:04:10.994252+00:00,MSFT,enter_short,295.76,2,296.6957142857143,294.3564285714286,,MomentumStrategy,low_volatility,,,,,
2025-08-20T15:04:11.103628+00:00,MSFT,enter_short,296.11,2,297.1007142857143,294.62392857142856,,MomentumStrategy,low_volatility,,,,,
2025-08-20T15:04:11.204472+00:00,MSFT,enter_short,295.88,1,297.47749999999996,293.75,,MomentumStrategy,normal,,,,,
2025-08-20T15:04:11.433884+00:00,MSFT,enter_short,296.09,2,297.0492857142857,294.6510714285714,,MomentumStrategy,low_volatility,,,,,
2025-08-20T15:04:11.539940+00:00,MSFT,enter_short,295.87,2,296.765,294.52750000000003,,MomentumStrategy,low_volatility,,,,,
2025-08-20T15:04:11.609965+00:00,AAPL,enter_short,309.41,1,311.42107142857145,306.72857142857146,,MomentumStrategy,normal,,,,,
2025-08-20T15:04:11.628588+00:00,MSFT,enter_short,295.88,2,296.7628571428571,294.5557142857143,,MomentumStrategy,low_volatility,,,,,
2025-08-20T15:04:11.685238+00:00,AAPL,enter_short,309.23,1,310.94,306.95,,MomentumStrategy,normal,,,,,
2025-08-20T15:04:11.694756+00:00,MSFT,enter_short,296.03,2,296.9885714285714,294.59214285714285,,MomentumStrategy,low_volatility,,,,,
2025-08-20T15:04:11.785781+00:00,AAPL,enter_short,309.36,1,311.2532142857143,306.8357142857143,,MomentumStrategy,normal,,,,,
2025-08-20T15:04:11.795202+00:00,MSFT,enter_short,295.81,1,297.36892857142857,293.7314285714286,,MomentumStrategy,normal,,,,,
2025-08-20T15:04:11.887645+00:00,AAPL,enter_short,309.61,1,311.39178571428573,307.2342857142857,,MomentumStrategy,normal,,,,,
2025-08-20T15:04:11.896444+00:00,MSFT,enter_short,295.46,1,297.0360714285714,293.3585714285714,,MomentumStrategy,normal,,,,,
2025-08-20T15:04:11.989197+00:00,AAPL,enter_short,309.69,1,311.3432142857143,307.48571428571427,,MomentumStrategy,normal,,,,,
2025-08-20T15:04:11.998082+00:00,MSFT,enter_short,295.49,2,296.4592857142857,294.03607142857146,,MomentumStrategy,low_volatility,,,,,
2025-08-20T15:04:12.089441+00:00,AAPL,enter_short,309.21,1,311.09999999999997,306.69,,MomentumStrategy,normal,,,,,
2025-08-20T15:04:12.097893+00:00,MSFT,enter_short,295.7,2,296.6271428571428,294.3092857142857,,MomentumStrategy,low_volatility,,,,,
2025-08-20T15:04:12.190858+00:00,AAPL,enter_short,309.54,1,311.42892857142857,307.0214285714286,,MomentumStrategy,normal,,,,,
2025-08-20T15:04:12.199918+00:00,MSFT,enter_short,295.86,2,296.83,294.40500000000003,,MomentumStrategy,low_volatility,,,,,
2025-08-20T15:04:12.291628+00:00,AAPL,enter_short,309.32,1,311.3,306.68,,MomentumStrategy,normal,,,,,
2025-08-20T15:04:12.300136+00:00,MSFT,enter_short,295.61,1,297.2342857142857,293.44428571428574,,MomentumStrategy,normal,,,,,
2025-08-20T15:04:12.393236+00:00,AAPL,enter_short,309.37,1,311.2685714285714,306.8385714285714,,MomentumStrategy,normal,,,,,
2025-08-20T15:04:12.401578+00:00,MSFT,enter_short,295.73,1,297.37678571428575,293.5342857142858,,MomentumStrategy,normal,,,,,
2025-08-20T15:04:12.494063+00:00,AAPL,enter_short,308.96,1,310.9732142857143,306.27571428571423,,MomentumStrategy,normal,,,,,
2025-08-20T15:04:12.501119+00:00,MSFT,enter_short,295.58,1,297.17749999999995,293.45,,MomentumStrategy,normal,,,,,
2025-08-20T15:04:12.622209+00:00,AAPL,enter_short,308.59,1,310.5925,305.91999999999996,,MomentumStrategy,normal,,,,,
2025-08-20T15:04:12.662250+00:00,MSFT,enter_short,295.62,1,297.29464285714283,293.38714285714286,,MomentumStrategy,normal,,,,,
2025-08-20T15:04:12.725736+00:00,AAPL,enter_short,308.42,1,310.3807142857143,305.8057142857143,,MomentumStrategy,normal,,,,,
2025-08-20T15:04:12.761815+00:00,MSFT,enter_short,295.55,1,297.26,293.27000000000004,,MomentumStrategy,normal,,,,,
2025-08-20T15:04:12.825252+00:00,AAPL,enter_short,308.39,1,310.22214285714284,305.94714285714286,,MomentumStrategy,normal,,,,,
2025-08-20T15:04:12.837824+00:00,MSFT,enter_short,295.65,1,297.25071428571425,293.5157142857143,,MomentumStrategy,normal,,,,,
2025-08-20T15:04:12.900279+00:00,AAPL,enter_short,308.51,1,310.23607142857145,306.2085714285714,,MomentumStrategy,normal,,,,,
2025-08-20T15:04:12.998733+00:00,AAPL,enter_short,308.37,1,310.0467857142857,306.13428571428574,,MomentumStrategy,normal,,,,,
2025-08-20T15:04:13.101561+00:00,AAPL,enter_short,308.18,1,309.8482142857143,305.9557142857143,,MomentumStrategy,normal,,,,,
2025-08-20T15:04:13.203140+00:00,AAPL,enter_short,308.36,1,310.1460714285714,305.97857142857146,,MomentumStrategy,normal,,,,,
2025-08-20T15:04:13.212183+00:00,MSFT,enter_short,295.88,1,297.71214285714285,293.4371428571429,,MomentumStrategy,normal,,,,,
2025-08-20T15:04:13.303825+00:00,AAPL,enter_short,308.55,1,310.50857142857143,305.93857142857144,,MomentumStrategy,normal,,,,,
2025-08-20T15:04:13.404991+00:00,AAPL,enter_short,308.68,1,310.615,306.1,,MomentumStrategy,normal,,,,,
2025-08-20T15:04:13.524425+00:00,AAPL,enter_short,308.9,1,310.62392857142856,306.6014285714285,,MomentumStrategy,normal,,,,,
2025-08-20T15:04:13.609959+00:00,AAPL,enter_short,309.22,1,311.0789285714286,306.74142857142857,,MomentumStrategy,normal,,,,,
2025-08-20T15:04:13.928634+00:00,AAPL,enter_short,309.6,1,311.35928571428576,307.25428571428574,,MomentumStrategy,normal,,,,,
2025-08-20T15:04:14.030390+00:00,AAPL,enter_short,309.42,1,311.28535714285715,306.93285714285713,,MomentumStrategy,normal,,,,,
2025-08-20T15:04:14.055133+00:00,MSFT,enter_short,294.57,1,296.43,292.09,,MomentumStrategy,normal,,,,,
2025-08-20T15:04:14.625075+00:00,MSFT,enter_short,294.85,1,296.5289285714286,292.6114285714286,,MomentumStrategy,normal,,,,,
2025-08-20T15:04:14.725757+00:00,MSFT,enter_short,294.96,1,296.7492857142857,292.5742857142857,,MomentumStrategy,normal,,,,,
2025-08-20T15:04:14.826533+00:00,MSFT,enter_short,294.84,1,296.50071428571425,292.62571428571425,,MomentumStrategy,normal,,,,,
2025-08-20T15:04:14.927650+00:00,MSFT,enter_short,294.73,1,296.53107142857147,292.3285714285715,,MomentumStrategy,normal,,,,,
2025-08-20T15:04:15.031107+00:00,MSFT,enter_short,294.96,1,296.5960714285714,292.7785714285714,,MomentumStrategy,normal,,,,,
2025-08-20T15:04:15.131917+00:00,MSFT,enter_short,294.71,1,296.33107142857136,292.54857142857145,,MomentumStrategy,normal,,,,,
2025-08-20T15:04:15.236265+00:00,MSFT,enter_short,294.72,2,295.69357142857143,293.2596428571429,,MomentumStrategy,low_volatility,,,,,
2025-08-20T15:04:15.335841+00:00,MSFT,enter_short,294.61,1,296.1475,292.56000000000006,,MomentumStrategy,normal,,,,,
2025-08-20T15:04:15.434570+00:00,MSFT,enter_short,294.43,1,296.0317857142857,292.29428571428576,,MomentumStrategy,normal,,,,,
2025-08-20T15:04:15.539413+00:00,MSFT,enter_short,294.65,2,295.65,293.15,,MomentumStrategy,low_volatility,,,,,
2025-08-20T15:04:15.634721+00:00,MSFT,enter_short,294.89,1,296.4917857142857,292.75428571428574,,MomentumStrategy,normal,,,,,
2025-08-20T15:04:15.735860+00:00,MSFT,enter_short,295.21,1,296.8428571428571,293.03285714285715,,MomentumStrategy,normal,,,,,
2025-08-20T15:04:15.943910+00:00,MSFT,enter_short,294.62,1,296.36107142857145,292.29857142857145,,MomentumStrategy,normal,,,,,
2025-08-20T15:04:16.041182+00:00,MSFT,enter_short,294.4,1,296.215,291.98,,MomentumStrategy,normal,,,,,
2025-08-20T15:04:16.143524+00:00,MSFT,enter_short,293.96,1,295.8478571428571,291.4428571428571,,MomentumStrategy,normal,,,,,
2025-08-20T15:04:16.238870+00:00,AAPL,enter_short,309.71,1,311.6760714285714,307.0885714285714,,MomentumStrategy,normal,,,,,
2025-08-20T15:04:16.339949+00:00,AAPL,enter_short,309.61,1,311.49678571428575,307.0942857142857,,MomentumStrategy,normal,,,,,
2025-08-20T15:04:16.438477+00:00,AAPL,enter_short,309.54,1,311.41607142857146,307.03857142857146,,MomentumStrategy,normal,,,,,
2025-08-20T15:04:16.540754+00:00,AAPL,enter_short,309.12,1,311.0410714285714,306.55857142857144,,MomentumStrategy,normal,,,,,
2025-08-20T15:04:16.647857+00:00,MSFT,enter_short,293.82,1,295.70142857142855,291.31142857142856,,MomentumStrategy,normal,,,,,
2025-08-20T15:04:16.749469+00:00,MSFT,enter_short,294.11,1,295.93142857142857,291.68142857142857,,MomentumStrategy,normal,,,,,
2025-08-20T15:04:16.845971+00:00,MSFT,enter_short,293.86,1,295.6439285714286,291.4814285714286,,MomentumStrategy,normal,,,,,
2025-08-20T15:04:17.041758+00:00,AAPL,enter_short,308.87,1,310.76428571428573,306.3442857142857,,MomentumStrategy,normal,,,,,
2025-08-20T15:04:17.047297+00:00,MSFT,enter_short,293.75,1,295.5725,291.32,,MomentumStrategy,normal,,,,,
2025-08-20T15:04:17.146910+00:00,AAPL,enter_short,308.12,1,310.06035714285713,305.53285714285715,,MomentumStrategy,normal,,,,,
2025-08-20T15:04:17.154891+00:00,MSFT,enter_short,293.33,1,295.08178571428573,290.9942857142857,,MomentumStrategy,normal,,,,,
2025-08-20T15:04:17.246447+00:00,AAPL,enter_short,308.58,1,310.5385714285714,305.9685714285714,,MomentumStrategy,normal,,,,,
2025-08-20T15:04:17.253268+00:00,MSFT,enter_short,293.35,1,295.1628571428572,290.93285714285713,,MomentumStrategy,normal,,,,,
2025-08-20T15:04:17.348825+00:00,AAPL,enter_short,308.37,1,310.3275,305.76,,MomentumStrategy,normal,,,,,
2025-08-20T15:04:17.358086+00:00,MSFT,enter_short,293.27,1,295.0496428571428,290.89714285714285,,MomentumStrategy,normal,,,,,
2025-08-20T15:04:17.449673+00:00,AAPL,enter_short,308.73,1,310.6575,306.16,,MomentumStrategy,normal,,,,,
2025-08-20T15:04:17.458969+00:00,MSFT,enter_short,293.37,1,295.1132142857143,291.04571428571427,,MomentumStrategy,normal,,,,,
2025-08-20T15:04:17.548146+00:00,AAPL,enter_short,308.55,1,310.4635714285714,305.99857142857144,,MomentumStrategy,normal,,,,,
2025-08-20T15:04:17.555842+00:00,MSFT,enter_short,293.6,1,295.25964285714286,291.38714285714286,,MomentumStrategy,normal,,,,,
2025-08-20T15:04:17.658247+00:00,MSFT,enter_short,293.9,2,294.905,292.3925,,MomentumStrategy,low_volatility,,,,,
2025-08-20T15:04:17.754466+00:00,MSFT,enter_short,294.21,2,295.2085714285714,292.71214285714285,,MomentumStrategy,low_volatility,,,,,
2025-08-20T15:04:17.857499+00:00,MSFT,enter_short,294.22,1,295.7746428571429,292.14714285714285,,MomentumStrategy,normal,,,,,
2025-08-20T15:04:17.996169+00:00,MSFT,enter_short,294.36,1,295.8910714285714,292.31857142857143,,MomentumStrategy,normal,,,,,
2025-08-20T15:04:18.056350+00:00,AAPL,enter_short,308.99,1,310.93357142857144,306.3985714285714,,MomentumStrategy,normal,,,,,
2025-08-20T15:04:18.065555+00:00,MSFT,enter_short,294.22,1,295.8603571428572,292.03285714285715,,MomentumStrategy,normal,,,,,
2025-08-20T15:04:18.156012+00:00,AAPL,enter_short,308.85,1,310.82785714285717,306.21285714285716,,MomentumStrategy,normal,,,,,
2025-08-20T15:04:18.668151+00:00,MSFT,enter_short,293.58,2,294.5435714285714,292.13464285714286,,MomentumStrategy,low_volatility,,,,,
2025-08-20T15:04:18.760778+00:00,AAPL,enter_short,308.56,1,310.5335714285714,305.92857142857144,,MomentumStrategy,normal,,,,,
2025-08-20T15:04:18.767149+00:00,MSFT,enter_short,293.58,2,294.445,292.28249999999997,,MomentumStrategy,low_volatility,,,,,
2025-08-20T15:04:18.862671+00:00,AAPL,enter_short,308.51,1,310.38071428571425,306.0157142857143,,MomentumStrategy,normal,,,,,
2025-08-20T15:04:18.868560+00:00,MSFT,enter_short,293.2,2,294.0942857142857,291.8585714285714,,MomentumStrategy,low_volatility,,,,,
2025-08-20T15:04:18.963472+00:00,AAPL,enter_short,308.91,1,310.8825,306.28000000000003,,MomentumStrategy,normal,,,,,
2025-08-20T15:04:18.969821+00:00,MSFT,enter_short,292.83,2,293.7078571428571,291.5132142857143,,MomentumStrategy,low_volatility,,,,,
2025-08-20T15:04:19.070142+00:00,MSFT,enter_short,292.75,2,293.67,291.37,,MomentumStrategy,low_volatility,,,,,
2025-08-20T15:04:19.171414+00:00,MSFT,enter_short,292.33,2,293.3428571428571,290.81071428571425,,MomentumStrategy,low_volatility,,,,,
2025-08-20T15:04:19.275636+00:00,MSFT,enter_short,291.88,1,293.4764285714286,289.75142857142856,,MomentumStrategy,normal,,,,,
2025-08-20T15:04:19.375316+00:00,MSFT,enter_short,292.14,1,293.9003571428571,289.79285714285714,,MomentumStrategy,normal,,,,,
2025-08-20T15:04:19.477303+00:00,MSFT,enter_short,291.95,1,293.65142857142854,289.68142857142857,,MomentumStrategy,normal,,,,,
2025-08-20T15:04:19.582744+00:00,MSFT,enter_short,292.06,1,293.69607142857143,289.87857142857143,,MomentumStrategy,normal,,,,,
2025-08-20T15:04:19.684718+00:00,MSFT,enter_short,292.01,1,293.645,289.83,,MomentumStrategy,normal,,,,,
2025-08-20T15:04:19.785451+00:00,MSFT,enter_short,291.67,1,293.42607142857145,289.3285714285715,,MomentumStrategy,normal,,,,,
2025-08-20T15:04:19.883337+00:00,MSFT,enter_short,291.86,1,293.53785714285715,289.6228571428572,,MomentumStrategy,normal,,,,,
2025-08-20T15:04:19.984841+00:00,MSFT,enter_short,292.04,1,293.7425,289.77000000000004,,MomentumStrategy,normal,,,,,
2025-08-20T15:04:20.085929+00:00,MSFT,enter_short,292.3,1,294.1492857142857,289.8342857142857,,MomentumStrategy,normal,,,,,
2025-08-20T15:04:22.226845+00:00,AAPL,enter_short,310.6,1,312.40535714285716,308.1928571428572,,MomentumStrategy,normal,,,,,
2025-08-20T15:04:22.536098+00:00,AAPL,enter_short,311.43,1,313.2814285714286,308.9614285714286,,MomentumStrategy,normal,,,,,
2025-08-20T15:04:22.630402+00:00,AAPL,enter_short,311.8,1,313.6257142857143,309.3657142857143,,MomentumStrategy,normal,,,,,
2025-08-20T15:04:22.725458+00:00,AAPL,enter_short,311.6,1,313.46857142857147,309.10857142857145,,MomentumStrategy,normal,,,,,
2025-08-20T15:04:22.918967+00:00,AAPL,enter_short,311.01,1,312.8828571428571,308.5128571428571,,MomentumStrategy,normal,,,,,
2025-08-20T15:04:23.019734+00:00,AAPL,enter_short,310.93,1,312.84785714285715,308.37285714285713,,MomentumStrategy,normal,,,,,
2025-08-20T15:04:23.223146+00:00,AAPL,enter_short,310.86,1,312.77250000000004,308.31,,MomentumStrategy,normal,,,,,
2025-08-20T15:04:24.157514+00:00,MSFT,enter_short,294.99,1,296.7739285714286,292.6114285714286,,MomentumStrategy,normal,,,,,
2025-08-20T15:04:24.256060+00:00,MSFT,enter_short,294.2,1,295.96142857142854,291.8514285714286,,MomentumStrategy,normal,,,,,
2025-08-20T15:04:24.350877+00:00,AAPL,enter_short,311.13,1,313.0778571428571,308.53285714285715,,MomentumStrategy,normal,,,,,
2025-08-20T15:04:24.356713+00:00,MSFT,enter_short,294.08,1,295.8478571428571,291.72285714285715,,MomentumStrategy,normal,,,,,
2025-08-20T15:04:24.457919+00:00,MSFT,enter_short,294.15,1,295.8535714285714,291.87857142857143,,MomentumStrategy,normal,,,,,
2025-08-20T15:04:24.558500+00:00,MSFT,enter_short,294.39,1,296.08392857142854,292.13142857142856,,MomentumStrategy,normal,,,,,
2025-08-20T15:04:24.653634+00:00,AAPL,enter_short,311.75,1,313.5885714285714,309.29857142857145,,MomentumStrategy,normal,,,,,
2025-08-20T15:04:24.661081+00:00,MSFT,enter_short,294.43,1,296.1657142857143,292.1157142857143,,MomentumStrategy,normal,,,,,
2025-08-20T15:04:24.762999+00:00,MSFT,enter_short,294.32,1,295.9871428571428,292.09714285714284,,MomentumStrategy,normal,,,,,
2025-08-20T15:04:24.876012+00:00,MSFT,enter_short,294.26,2,295.2678571428571,292.74821428571425,,MomentumStrategy,low_volatility,,,,,
2025-08-20T15:04:25.006412+00:00,MSFT,enter_short,293.96,1,295.52428571428567,291.8742857142857,,MomentumStrategy,normal,,,,,
2025-08-20T15:04:25.115636+00:00,MSFT,enter_short,294.08,1,295.86821428571426,291.69571428571425,,MomentumStrategy,normal,,,,,
2025-08-20T15:04:25.213764+00:00,MSFT,enter_short,293.74,1,295.6171428571429,291.2371428571429,,MomentumStrategy,normal,,,,,
2025-08-20T15:04:25.319864+00:00,MSFT,enter_short,294.14,1,296.09749999999997,291.53,,MomentumStrategy,normal,,,,,
2025-08-20T15:04:25.442622+00:00,MSFT,enter_short,293.75,1,295.49535714285713,291.42285714285714,,MomentumStrategy,normal,,,,,
2025-08-20T15:04:25.486019+00:00,MSFT,enter_short,293.63,1,295.4535714285714,291.1985714285714,,MomentumStrategy,normal,,,,,
2025-08-20T15:04:25.576450+00:00,MSFT,enter_short,293.75,1,295.5810714285714,291.30857142857144,,MomentumStrategy,normal,,,,,
2025-08-20T15:04:25.678618+00:00,MSFT,enter_short,293.46,1,295.39071428571424,290.88571428571424,,MomentumStrategy,normal,,,,,
2025-08-20T15:04:25.778021+00:00,MSFT,enter_short,293.5,1,295.4317857142857,290.9242857142857,,MomentumStrategy,normal,,,,,
2025-08-20T15:04:26.277557+00:00,AAPL,enter_long,312.55,170,309.62285714285713,316.9407142857143,,MomentumStrategy,high_volatility,,,,,
2025-08-20T15:04:28.716573+00:00,AAPL,enter_short,313.24,1,314.38214285714287,311.5267857142857,,MomentumStrategy,low_volatility,,,,,
2025-08-20T15:04:28.816788+00:00,AAPL,enter_short,313.34,1,314.48571428571427,311.6214285714285,,MomentumStrategy,low_volatility,,,,,
2025-08-20T15:04:28.835478+00:00,MSFT,enter_short,294.56,1,296.30321428571426,292.2357142857143,,MomentumStrategy,normal,,,,,
2025-08-20T15:04:28.930443+00:00,AAPL,enter_short,313.29,1,314.4271428571429,311.5842857142857,,MomentumStrategy,low_volatility,,,,,
2025-08-20T15:04:28.950901+00:00,MSFT,enter_short,294.73,1,296.5439285714286,292.3114285714286,,MomentumStrategy,normal,,,,,
2025-08-20T15:04:29.022981+00:00,AAPL,enter_short,313.47,1,314.5371428571429,311.8692857142857,,MomentumStrategy,low_volatility,,,,,
2025-08-20T15:04:29.040998+00:00,MSFT,enter_short,295.18,1,297.0185714285714,292.72857142857146,,MomentumStrategy,normal,,,,,
2025-08-20T15:04:29.127323+00:00,AAPL,enter_short,313.46,1,314.4864285714286,311.9203571428571,,MomentumStrategy,low_volatility,,,,,
2025-08-20T15:04:29.226776+00:00,AAPL,enter_short,313.79,1,314.735,312.3725,,MomentumStrategy,low_volatility,,,,,
2025-08-20T15:04:29.344284+00:00,AAPL,enter_short,313.95,1,314.87642857142856,312.56035714285713,,MomentumStrategy,low_volatility,,,,,
2025-08-20T15:04:29.461475+00:00,MSFT,enter_short,294.97,1,296.68107142857144,292.6885714285715,,MomentumStrategy,normal,,,,,
2025-08-20T15:04:29.556079+00:00,MSFT,enter_short,295.04,2,296.0521428571429,293.5217857142857,,MomentumStrategy,low_volatility,,,,,
2025-08-20T15:04:29.789489+00:00,MSFT,enter_short,295.47,2,296.3464285714286,294.15535714285716,,MomentumStrategy,low_volatility,,,,,
2025-08-20T15:04:29.859430+00:00,MSFT,enter_short,295.65,2,296.60785714285714,294.2132142857143,,MomentumStrategy,low_volatility,,,,,
2025-08-20T15:04:29.946412+00:00,MSFT,enter_short,295.38,2,296.3192857142857,293.9710714285714,,MomentumStrategy,low_volatility,,,,,
2025-08-20T15:04:30.113200+00:00,MSFT,enter_short,295.16,2,296.07785714285717,293.78321428571434,,MomentumStrategy,low_volatility,,,,,
2025-08-20T15:04:30.205795+00:00,AAPL,enter_short,313.45,1,314.42285714285714,311.99071428571426,,MomentumStrategy,low_volatility,,,,,
2025-08-20T15:04:30.306653+00:00,AAPL,enter_short,312.85,1,313.92357142857145,311.2396428571429,,MomentumStrategy,low_volatility,,,,,
2025-08-20T15:04:30.407373+00:00,AAPL,enter_short,312.6,1,313.6864285714286,310.97035714285715,,MomentumStrategy,low_volatility,,,,,
2025-08-20T15:04:30.509889+00:00,AAPL,enter_short,312.55,1,313.56714285714287,311.0242857142857,,MomentumStrategy,low_volatility,,,,,
2025-08-20T15:04:30.612480+00:00,AAPL,enter_short,312.71,1,313.7785714285714,311.10714285714283,,MomentumStrategy,low_volatility,,,,,
2025-08-20T15:04:30.721468+00:00,AAPL,enter_short,312.7,1,313.7528571428571,311.12071428571426,,MomentumStrategy,low_volatility,,,,,
2025-08-20T15:04:30.824244+00:00,AAPL,enter_short,312.87,1,314.57678571428573,310.5942857142857,,MomentumStrategy,normal,,,,,
2025-08-20T15:04:30.925758+00:00,AAPL,enter_short,312.77,1,313.84999999999997,311.15,,MomentumStrategy,low_volatility,,,,,
2025-08-20T15:04:31.026581+00:00,AAPL,enter_short,312.9,1,314.6453571428571,310.5728571428571,,MomentumStrategy,normal,,,,,
2025-08-20T15:04:31.127874+00:00,AAPL,enter_short,312.95,1,314.7135714285714,310.5985714285714,,MomentumStrategy,normal,,,,,
2025-08-20T15:04:31.243744+00:00,AAPL,enter_short,312.74,1,314.68892857142856,310.14142857142855,,MomentumStrategy,normal,,,,,
2025-08-20T15:04:31.342712+00:00,AAPL,enter_short,312.84,1,314.775,310.26,,MomentumStrategy,normal,,,,,
2025-08-20T15:04:31.442159+00:00,AAPL,enter_short,312.69,1,314.66785714285714,310.05285714285714,,MomentumStrategy,normal,,,,,
2025-08-20T15:04:31.544845+00:00,AAPL,enter_short,313.32,1,315.2914285714286,310.69142857142856,,MomentumStrategy,normal,,,,,
2025-08-20T15:04:31.630901+00:00,AAPL,enter_short,313.14,1,315.06321428571425,310.5757142857143,,MomentumStrategy,normal,,,,,
2025-08-20T15:04:31.725304+00:00,AAPL,enter_short,313.6,1,315.39250000000004,311.21000000000004,,MomentumStrategy,normal,,,,,
2025-08-20T15:04:31.825595+00:00,AAPL,enter_short,313.16,1,314.99428571428575,310.7142857142857,,MomentumStrategy,normal,,,,,
2025-08-20T15:04:31.926278+00:00,AAPL,enter_short,312.83,1,314.705,310.33,,MomentumStrategy,normal,,,,,
2025-08-20T15:04:32.027245+00:00,AAPL,enter_short,312.9,1,314.7342857142857,310.4542857142857,,MomentumStrategy,normal,,,,,
2025-08-20T15:04:32.129950+00:00,AAPL,enter_short,312.7,1,314.5032142857143,310.29571428571427,,MomentumStrategy,normal,,,,,
2025-08-20T15:04:32.232070+00:00,AAPL,enter_short,312.39,1,314.1353571428571,310.0628571428571,,MomentumStrategy,normal,,,,,
2025-08-20T15:04:32.332147+00:00,AAPL,enter_short,312.27,1,314.00464285714287,309.95714285714286,,MomentumStrategy,normal,,,,,
2025-08-20T15:04:32.432845+00:00,AAPL,enter_short,312.24,1,313.99607142857144,309.8985714285714,,MomentumStrategy,normal,,,,,
2025-08-20T15:04:32.533609+00:00,AAPL,enter_short,312.42,1,314.3839285714286,309.8014285714286,,MomentumStrategy,normal,,,,,
2025-08-20T15:04:32.640111+00:00,MSFT,enter_short,297.04,1,298.73178571428576,294.7842857142857,,MomentumStrategy,normal,,,,,
2025-08-20T15:04:32.741176+00:00,MSFT,enter_short,296.9,1,298.70214285714286,294.4971428571428,,MomentumStrategy,normal,,,,,
2025-08-20T15:04:32.846036+00:00,MSFT,enter_short,296.79,1,298.4067857142858,294.6342857142857,,MomentumStrategy,normal,,,,,
2025-08-20T15:04:32.947401+00:00,MSFT,enter_short,296.85,1,298.5353571428572,294.60285714285715,,MomentumStrategy,normal,,,,,
2025-08-20T15:04:33.041556+00:00,AAPL,enter_short,312.84,1,314.6196428571428,310.46714285714285,,MomentumStrategy,normal,,,,,
2025-08-20T15:04:33.049385+00:00,MSFT,enter_short,296.73,1,298.41428571428577,294.4842857142857,,MomentumStrategy,normal,,,,,
2025-08-20T15:04:33.145455+00:00,MSFT,enter_short,296.46,1,298.20642857142855,294.1314285714285,,MomentumStrategy,normal,,,,,
2025-08-20T15:04:33.246213+00:00,MSFT,enter_short,296.4,1,298.29,293.87999999999994,,MomentumStrategy,normal,,,,,
2025-08-20T15:04:33.347181+00:00,MSFT,enter_short,296.55,1,298.51928571428573,293.9242857142857,,MomentumStrategy,normal,,,,,
2025-08-20T15:04:33.452392+00:00,MSFT,enter_short,296.34,1,298.3242857142857,293.6942857142857,,MomentumStrategy,normal,,,,,
2025-08-20T15:04:33.656767+00:00,MSFT,enter_short,296.45,1,298.4257142857143,293.81571428571425,,MomentumStrategy,normal,,,,,
2025-08-20T15:04:33.957558+00:00,MSFT,enter_short,296.17,1,298.15107142857147,293.5285714285714,,MomentumStrategy,normal,,,,,
2025-08-20T15:04:35.262258+00:00,AAPL,enter_short,310.2,1,312.25714285714287,307.45714285714286,,MomentumStrategy,normal,,,,,
2025-08-20T15:04:35.665267+00:00,AAPL,enter_short,309.83,1,311.8560714285714,307.12857142857143,,MomentumStrategy,normal,,,,,
2025-08-20T15:04:36.674957+00:00,AAPL,enter_short,309.6,1,311.56714285714287,306.9771428571429,,MomentumStrategy,normal,,,,,
2025-08-20T15:04:36.777030+00:00,AAPL,enter_short,310.04,1,311.8860714285714,307.5785714285714,,MomentumStrategy,normal,,,,,
2025-08-20T15:04:36.881754+00:00,AAPL,enter_short,309.44,1,311.40714285714284,306.81714285714287,,MomentumStrategy,normal,,,,,
2025-08-20T15:04:36.980088+00:00,AAPL,enter_short,309.1,1,311.05107142857145,306.49857142857144,,MomentumStrategy,normal,,,,,
2025-08-20T15:04:37.078784+00:00,AAPL,enter_short,309.12,1,311.0314285714286,306.5714285714286,,MomentumStrategy,normal,,,,,
2025-08-20T15:04:37.179615+00:00,AAPL,enter_short,308.85,1,310.8439285714286,306.1914285714286,,MomentumStrategy,normal,,,,,
2025-08-20T15:04:37.280654+00:00,AAPL,enter_short,308.46,1,310.40999999999997,305.85999999999996,,MomentumStrategy,normal,,,,,
2025-08-20T15:04:37.383375+00:00,AAPL,enter_short,308.51,1,310.4032142857143,305.98571428571427,,MomentumStrategy,normal,,,,,
2025-08-20T15:04:37.516000+00:00,AAPL,enter_short,308.26,1,310.18642857142856,305.69142857142856,,MomentumStrategy,normal,,,,,
2025-08-20T15:04:37.602352+00:00,AAPL,enter_short,307.97,1,309.95428571428573,305.32428571428574,,MomentumStrategy,normal,,,,,
2025-08-20T15:04:37.691939+00:00,AAPL,enter_short,307.82,1,309.6275,305.40999999999997,,MomentumStrategy,normal,,,,,
2025-08-20T15:04:37.795210+00:00,AAPL,enter_short,308.07,1,309.9503571428571,305.5628571428571,,MomentumStrategy,normal,,,,,
2025-08-20T15:04:37.906598+00:00,AAPL,enter_short,308.14,1,310.01392857142855,305.64142857142855,,MomentumStrategy,normal,,,,,
2025-08-20T15:04:38.005878+00:00,AAPL,enter_short,308.1,2,309.18357142857144,306.4746428571429,,MomentumStrategy,low_volatility,,,,,
2025-08-20T15:04:38.115923+00:00,AAPL,enter_short,308.26,2,309.30857142857144,306.6871428571429,,MomentumStrategy,low_volatility,,,,,
2025-08-20T15:04:38.222316+00:00,AAPL,enter_short,308.54,2,309.53000000000003,307.055,,MomentumStrategy,low_volatility,,,,,
2025-08-20T15:04:38.323339+00:00,AAPL,enter_short,308.84,2,309.85571428571427,307.31642857142856,,MomentumStrategy,low_volatility,,,,,
2025-08-20T15:04:38.416536+00:00,AAPL,enter_short,308.31,2,309.4214285714286,306.64285714285717,,MomentumStrategy,low_volatility,,,,,
2025-08-20T15:04:38.532980+00:00,AAPL,enter_short,308.15,2,309.26642857142855,306.4753571428571,,MomentumStrategy,low_volatility,,,,,
2025-08-20T15:04:38.630082+00:00,AAPL,enter_short,308.41,2,309.4228571428572,306.8907142857143,,MomentumStrategy,low_volatility,,,,,
2025-08-20T15:04:38.736275+00:00,AAPL,enter_short,308.59,2,309.5078571428571,307.2132142857143,,MomentumStrategy,low_volatility,,,,,
2025-08-20T15:04:38.844573+00:00,AAPL,enter_short,308.35,2,309.35857142857145,306.8371428571429,,MomentumStrategy,low_volatility,,,,,
2025-08-20T15:04:38.911002+00:00,AAPL,enter_short,308.4,2,309.3335714285714,306.9996428571428,,MomentumStrategy,low_volatility,,,,,
2025-08-20T15:04:39.012920+00:00,AAPL,enter_short,308.7,2,309.5785714285714,307.38214285714287,,MomentumStrategy,low_volatility,,,,,
2025-08-20T15:04:39.114565+00:00,AAPL,enter_short,308.31,2,309.3671428571429,306.7242857142857,,MomentumStrategy,low_volatility,,,,,
2025-08-20T15:04:39.215224+00:00,AAPL,enter_short,308.09,2,309.10499999999996,306.5675,,MomentumStrategy,low_volatility,,,,,
2025-08-20T15:04:39.315763+00:00,AAPL,enter_short,308.08,2,309.2,306.4,,MomentumStrategy,low_volatility,,,,,
2025-08-20T15:04:40.128259+00:00,AAPL,enter_short,308.15,1,310.1503571428571,305.48285714285714,,MomentumStrategy,normal,,,,,
2025-08-20T15:04:40.227917+00:00,AAPL,enter_short,307.8,1,309.75642857142856,305.19142857142856,,MomentumStrategy,normal,,,,,
2025-08-20T15:04:40.330075+00:00,AAPL,enter_short,308.03,1,309.9467857142857,305.4742857142857,,MomentumStrategy,normal,,,,,
2025-08-20T15:04:40.533738+00:00,AAPL,enter_short,307.59,1,309.465,305.09,,MomentumStrategy,normal,,,,,
2025-08-20T15:04:40.631023+00:00,AAPL,enter_short,308.06,1,310.06357142857144,305.3885714285714,,MomentumStrategy,normal,,,,,
2025-08-20T15:04:40.734684+00:00,AAPL,enter_short,307.69,1,309.5842857142857,305.1642857142857,,MomentumStrategy,normal,,,,,
2025-08-20T15:04:41.037097+00:00,AAPL,enter_short,308.46,1,310.41535714285715,305.8528571428571,,MomentumStrategy,normal,,,,,
2025-08-20T15:04:41.740950+00:00,AAPL,enter_short,308.81,1,310.81357142857144,306.1385714285714,,MomentumStrategy,normal,,,,,
2025-08-20T15:04:41.942338+00:00,AAPL,enter_short,308.52,1,310.3478571428571,306.0828571428571,,MomentumStrategy,normal,,,,,
2025-08-20T15:04:42.854029+00:00,AAPL,enter_short,308.29,1,310.1017857142857,305.87428571428575,,MomentumStrategy,normal,,,,,
2025-08-20T15:04:42.954561+00:00,AAPL,enter_short,308.29,1,310.22285714285715,305.71285714285716,,MomentumStrategy,normal,,,,,
2025-08-20T15:04:43.055935+00:00,AAPL,enter_short,308.3,1,310.25214285714287,305.69714285714286,,MomentumStrategy,normal,,,,,
2025-08-20T15:04:43.156487+00:00,AAPL,enter_short,308.21,1,310.03999999999996,305.77,,MomentumStrategy,normal,,,,,
2025-08-20T15:04:43.257290+00:00,AAPL,enter_short,308.59,1,310.45642857142855,306.1014285714285,,MomentumStrategy,normal,,,,,
2025-08-20T15:04:43.360874+00:00,AAPL,enter_short,308.1,1,309.9075,305.69,,MomentumStrategy,normal,,,,,
2025-08-20T15:04:43.462787+00:00,AAPL,enter_short,308.15,1,310.0153571428571,305.6628571428571,,MomentumStrategy,normal,,,,,
2025-08-20T15:04:43.561936+00:00,AAPL,enter_short,308.38,1,310.32785714285717,305.78285714285715,,MomentumStrategy,normal,,,,,
2025-08-20T15:04:43.663470+00:00,AAPL,enter_short,309.13,1,311.1475,306.44,,MomentumStrategy,normal,,,,,
2025-08-20T15:04:46.208657+00:00,AAPL,enter_short,308.45,1,310.5125,305.7,,MomentumStrategy,normal,,,,,
2025-08-20T15:04:46.309878+00:00,AAPL,enter_short,308.66,1,310.5339285714286,306.1614285714286,,MomentumStrategy,normal,,,,,
2025-08-20T15:04:46.415941+00:00,AAPL,enter_short,309.02,1,310.8671428571428,306.5571428571428,,MomentumStrategy,normal,,,,,
2025-08-20T15:04:46.520238+00:00,AAPL,enter_short,309.46,1,311.4635714285714,306.7885714285714,,MomentumStrategy,normal,,,,,
2025-08-20T15:04:46.909314+00:00,AAPL,enter_short,309.35,2,310.40714285714284,307.76428571428573,,MomentumStrategy,low_volatility,,,,,
2025-08-20T15:04:47.007577+00:00,AAPL,enter_short,309.63,2,310.7835714285714,307.89964285714285,,MomentumStrategy,low_volatility,,,,,
2025-08-20T15:04:47.108533+00:00,AAPL,enter_short,308.97,1,310.7817857142857,306.55428571428575,,MomentumStrategy,normal,,,,,
2025-08-20T15:04:47.222182+00:00,AAPL,enter_short,309.17,1,311.01392857142855,306.7114285714286,,MomentumStrategy,normal,,,,,
2025-08-20T15:04:47.320086+00:00,AAPL,enter_short,309.23,1,311.06,306.79,,MomentumStrategy,normal,,,,,
